{"cameraMode":{"drawMode":0,"name":"Shaded","section":"Shading Mode"},"sceneLighting":true,"audioPlay":false,"sceneViewState":{"showFog":true,"showMaterialUpdate":false,"showSkybox":true,"showFlares":true,"showImageEffects":true,"showParticleSystems":true},"in2DMode":false,"pivot":{"x":0.060753822326660159,"y":0.7344937324523926,"z":-0.19498920440673829},"rotation":{"x":-0.02337249554693699,"y":0.9592669010162354,"z":-0.2689060866832733,"w":-0.083376444876194},"size":9.550000190734864,"orthographic":false}